condition,alpha,seed,mae_cm,r2,best_epoch,training_seconds
pca,0.0,0,9.54979583621025,0.8917251825332642,23,65.5549946000101
pca,0.0,1,10.076511651277542,0.8784871101379395,59,85.51046140000108
pca,0.0,2,9.049513936042786,0.896350085735321,74,74.13243789999979
joint-01,0.1,0,8.70228186249733,0.9018593430519104,23,53.50656229999731
joint-01,0.1,1,9.836164861917496,0.8801289796829224,59,69.61650040000677
joint-01,0.1,2,8.886396139860153,0.9140106439590454,74,63.98556879998068
joint-1,1.0,0,10.142675787210464,0.8917873501777649,23,58.72026729999925
joint-1,1.0,1,10.403813421726227,0.8752818703651428,59,71.98040349999792
joint-1,1.0,2,9.194158762693405,0.9052325487136841,74,88.06189979999908
joint-10,10.0,0,9.594575315713882,0.9077707529067993,23,49.47509359999094
joint-10,10.0,1,10.13900637626648,0.8725085258483887,59,53.206230499985395
joint-10,10.0,2,9.326310455799103,0.8857197165489197,74,74.43163360000472
